image0.jpg,Male                               

 

 

   

 

 

   

 

 

       

 

 

   

 

 

   

 

 

       

 

 

   

 

 

   

 

 

               

 

 

   

 

 

   

 

 

       

 

 

   

 

 

   

 

 

       

 

 

   

 

 

   

 

 

               

 

 

   

 

 

   

 

 

       

 

 

   

 

 

   

 

 

       

 

 

   

 

 

   

 

 

image1.jpg,Male                               

 

 

   

 

 

   

 

 

       

 

 

   

 

 

   

 

 

       

 

 

   

 

 

   

 

 

               

 

 

   

 

 

   

 

 

       

 

 

   

 

 

   

 

 

       

 

 

   

 

 

   

 

 

               

 

 

   

 

 

   

 

 

       

 

 

   

 

 

   

 

 

       

 

 

   

 

 

   

 

 

image2.jpg,Female                               

 

 

   

 

 

   

 

 

       

 

 

   

 

 

   

 

 

       

 

 

   

 

 

   

 

 

               

 

 

   

 

 

   

 

 

       

 

 

   

 

 

   

 

 

       

 

 

   

 

 

   

 

 

               

 

 

   

 

 

   

 

 

       

 

 

   

 

 

   

 

 

       

 

 

   

 

 

   

 

 

   

 

 

   

 

 

       

 

 

   

 

 

   

 

 

       

 

 

   

 

 

   

 

 

               

 

 

   

 

 

   

 

 

       

 

 

   

 

 

   

 

 

       

 

 

   

 

 

   

 

 

               

 

 

   

 

 

   

 

 

       

 

 

   

 

 

   

 

 

       

 

 

   

 

 

   

 

 

image4.jpg,Male                               

 

 

   

 

 

   

 

 

       

 

 

   

 

 

   

 

 

       

 

 

   

 

 

   

 

 

               

 

 

   

 

 

   

 

 

       

 

 

   

 

 

   

 

 

       

 

 

   

 

 

   

 

 

               

 

 

   

 

 

   

 

 

       

 

 

   

 

 

   

 

 

       

 

 

   

 

 

   

 

 

image5.jpg,Male                               

 

 

   

 

 

   

 

 

       

 

 

   

 

 

   

 

 

       

 

 

   

 

 

   

 

 

               

 

 

   

 

 

   

 

 

       

 

 

   

 

 

   

 

 

       

 

 

   

 

 

   

 

 

               

 

 

   

 

 

   

 

 

       

 

 

   

 

 

   

 

 

       

 

 

   

 

 

   

 

 

image6.jpg,Male                               

 

 

   

 

 

   

 

 

       

 

 

   

 

 

   

 

 

       

 

 

   

 

 

   

 

 

               

 

 

   

 

 

   

 

 

       

 

 

   

 

 

   

 

 

       

 

 

   

 

 

   

 

 

               

 

 

   

 

 

   

 

 

       

 

 

   

 

 

   

 

 

       

 

 

   

 

 

   

 

 

image7.jpg,Male                               

 

 

   

 

 

   

 

 

       

 

 

   

 

 

   

 

 

       

 

 

   

 

 

   

 

 

               

 

 

   

 

 

   

 

 

       

 

 

   

 

 

   

 

 

       

 

 

   

 

 

   

 

 

               

 

 

   

 

 

   

 

 

       

 

 

   

 

 

   

 

 

       

 

 

   

 

 

   

 

 

       

 

 

   

 

 

   

 

 

       

 

 

   

 

 

   

 

 

               

 

 

   

 

 

   

 

 

       

 

 

   

 

 

   

 

 

       

 

 

   

 

 

   

 

 

               

 

 

   

 

 

   

 

 

       

 

 

   

 

 

   

 

 

       

 

 

   

 

 

   

 

 

image9.jpg,Male                               

 

 

   

 

 

   

 

 

       

 

 

   

 

 

   

 

 

       

 

 

   

 

 

   

 

 

               

 

 

   

 

 

   

 

 

       

 

 

   

 

 

   

 

 

       

 

 

   

 

 

   

 

 

               

 

 

   

 

 

   

 

 

       

 

 

   

 

 

   

 

 

       

 

 

   

 

 

   

 

 

image10.jpg,Male                               

 

 

   

 

 

   

 

 

       

 

 

   

 

 

   

 

 

       

 

 

   

 

 

   

 

 

               

 

 

   

 

 

   

 

 

       

 

 

   

 

 

   

 

 

       

 

 

   

 

 

   

 

 

               

 

 

   

 

 

   

 

 

       

 

 

   

 

 

   

 

 

       

 

 

   

 

 

   

 

 

image11.jpg,Male                               

 

 

   

 

 

   

 

 

       

 

 

   

 

 

   

 

 

       

 

 

   

 

 

   

 

 

               

 

 

   

 

 

   

 

 

       

 

 

   

 

 

   

 

 

       

 

 

   

 

 

   

 

 

               

 

 

   

 

 

   

 

 

       

 

 

   

 

 

   

 

 

       

 

 

   

 

 

   

 

 

image12.jpg,Male                               

 

 

   

 

 

   

 

 

       

 

 

   

 

 

   

 

 

       

 

 

   

 

 

   

 

 

               

 

 

   

 

 

   

 

 

       

 

 

   

 

 

   

 

 

       

 

 

   

 

 

   

 

 

               

 

 

   

 

 

   

 

 

       

 

 

   

 

 

   

 

 

       

 

 

   

 

 

   

 

 

image13.jpg,Male                               

 

 

   

 

 

   

 

 

       

 

 

   

 

 

   

 

 

       

 

 

   

 

 

   

 

 

               

 

 

   

 

 

   

 

 

       

 

 

   

 

 

   

 

 

       

 

 

   

 

 

   

 

 

               

 

 

   

 

 

   

 

 

       

 

 

   

 

 

   

 

 

       

 

 

   

 

 

   

 

 

               

 

 

   

 

 

   

 

 

       

 

 

   

 

 

   

 

 

       

 

 

   

 

 

   

 

 

               

 

 

   

 

 

   

 

 

       

 

 

   

 

 

   

 

 

       

 

 

   

 

 

   

 

 

image15.jpg,Male                               

 

 

   

 

 

   

 

 

       

 

 

   

 

 

   

 

 

       

 

 

   

 

 

   

 

 

               

 

 

   

 

 

   

 

 

       

 

 

   

 

 

   

 

 

       

 

 

   

 

 

   

 

 

               

 

 

   

 

 

   

 

 

       

 

 

   

 

 

   

 

 

       

 

 

   

 

 

   

 

 

image16.jpg,Male                               

 

 

   

 

 

   

 

 

       

 

 

   

 

 

   

 

 

       

 

 

   

 

 

   

 

 

               

 

 

   

 

 

   

 

 

       

 

 

   

 

 

   

 

 

       

 

 

   

 

 

   

 

 

               

 

 

   

 

 

   

 

 

       

 

 

   

 

 

   

 

 

       

 

 

   

 

 

   

 

 

 

 

   

 

 

   

 

 

       

 

 

   

 

 

   

 

 

       

 

 

   

 

 

   

 

 

               

 

 

   

 

 

   

 

 

       

 

 

   

 

 

   

 

 

       

 

 

   

 

 

   

 

 

               

 

 

   

 

 

   

 

 

       

 

 

   

 

 

   

 

 

       

 

 

   

 

 

   

 

 

